2024 RANK,2023 RANK,Institution Name,Country Code,Country,SIZE,FOCUS,RES.,AGE,STATUS,Academic Reputation Score,Academic Reputation Rank,Employer Reputation Score,Employer Reputation Rank,Faculty Student Score,Faculty Student Rank,Citations per Faculty Score,Citations per Faculty Rank,International Faculty Score,International Faculty Rank,International Students Score,International Students Rank,International Research Network Score,International Research Network Rank,Employment Outcomes Score,Employment Outcomes Rank,Sustainability Score,Sustainability Rank,Overall SCORE
rank display,rank display2,institution,location code,location,size,focus,research,age band,status,ar score,ar rank,er score,er rank,fsr score,fsr rank,cpf score,cpf rank,ifr score,ifr rank,isr score,isr rank,irn score,irn rank,ger score,ger rank,SUS SCORE,SUS RANK,Overall Score
1,1,massachusetts institute of technology (mit),US,United States,M,CO,VH,5,B,100,4,100,2,100,16,100,4,100,56,88,128,94,58,100,4,95,51,100
2,2,university of cambridge,UK,United Kingdom,L,FC,VH,5,A,100,3,100,4,100,14,92,68,100,64,96,85,100,7,100,6,97,33=,99
3,4,university of oxford,UK,United Kingdom,L,FC,VH,5,A,100,2,100,5,100,8,91,73,98,110,98,60,100,1,100,3,98,26=,99
4,5,harvard university,US,United States,L,FC,VH,5,B,100,1,100,1,98,44,100,1,85,210,67,223,100,5,100,1,97,39,98
5,3,stanford university,US,United States,L,FC,VH,5,B,100,5,100,3,100,11,100,8,100,78,51,284,96,44,100,2,94,63,98
6,6=,imperial college london,UK,United Kingdom,L,FC,VH,5,A,98,23,99,12,99,42,94,58,100,61,100,14,97,35,83,45,94,61=,98
7,9,eth zurich - swiss federal institute of technology,CH,Switzerland,L,FO,VH,5,A,99,19,84,62,72,177,99,21,100,22,99,56,96,42,79,52,88,103=,93
8,11,national university of singapore (nus),SG,Singapore,XL,FC,VH,3,A,99,15,89,54,77,157,93,64,100,33,82,154,76,165,100,7,88,106=,93
9,8,ucl,UK,United Kingdom,XL,FC,VH,5,A,100,13,98,22,98,43,74,131,99,96,100,15,100,2,52,126,93,74,92
10,27,"university of california, berkeley (ucb)",US,United States,XL,FC,VH,5,A,100,6,100,6,21,656,100,7,92,172,64,235,92,66,99,15,100,1,90
11,10,university of chicago,US,United States,L,FC,VH,5,B,99,17,95,38,93,72,79,122,81,225,84,145,61,236,98,17,82,137=,90
12,13,university of pennsylvania,US,United States,L,FC,VH,5,B,96,29,89,52,100,24,68,153,96,140,70,208,83,129,100,5,100,3=,89
13,20,cornell university,US,United States,L,FC,VH,5,B,98,26,91,47,53,297,99,18,69,283,64,234,80,144,98,18,95,58=,89
14,33,the university of melbourne,AU,Australia,XL,FC,VH,5,A,98,21,92,45,15,701+,92,69,93,166,100,36,97,30,93,31,90,92=,88
15,6=,california institute of technology (caltech),US,United States,S,CO,VH,5,B,96,30,94,41,100,5,100,3,100,63,81,159,23,521,34,225,41,357,88
16,18,yale university,US,United States,M,FC,VH,5,B,100,9,100,7,100,3,46,293,90,184,79,169,86,112,100,9,99,13,88
=17,12,peking university,CN,China (Mainland),XL,FC,VH,5,A,99,14,95,37,90,85,98,38,51,354,24,492,43,353,83,46,69,212,87
=17,16=,princeton university,US,United States,M,CO,VH,5,B,100,10,98,23,65,216,100,2,17,640,58,261,53,298,95,27,79,155,87
=19,45,the university of new south wales (unsw sydney),AU,Australia,XL,FC,VH,4,A,90,45,88,55,18,701+,96,47,100,55,99,50,99,15,96,25,100,10,87
=19,41,the university of sydney,AU,Australia,XL,FC,VH,5,A,96,31,88,57,12,701+,94,63,100,89,100,13,92,70,88,42,100,7,87
21,34=,university of toronto,CA,Canada,XL,FC,VH,5,A,100,11,96,33,54,283,57,226,96,145,96,80,96,46,96,22,100,2,86
22,15,the university of edinburgh,UK,United Kingdom,XL,FC,VH,5,A,98,25,97,26,72,176,59,216,99,100,100,33,100,12,48,141,100,6,86
23,22,columbia university,US,United States,XL,FC,VH,5,B,100,12,98,16,100,15,41,339,56,332,97,76,98,25,100,10,94,64=,86
24,26,université psl,FR,France,L,CO,VH,1,A,74,82,97,25,99,33,96,49,69,280,73,196,100,3,61,97,80,146=,86
25,14,tsinghua university,CN,China (Mainland),XL,FC,VH,4,A,99,16,97,27,94,67,99,22,9,701+,16,603,48,328,82,47,56,271=,85
=26,19,"nanyang technological university, singapore (ntu)",SG,Singapore,L,FC,VH,3,A,91,42,67,115,78,149,94,56,100,35,80,161,66,212,68,79,78,160=,85
=26,21,the university of hong kong,HK,Hong Kong SAR,L,FC,VH,5,A,98,27,51,159,83,121,82,102,100,28,99,52,43,355,100,14,97,32,85
28,24,johns hopkins university,US,United States,L,FC,VH,5,B,87,51,60,134,100,8,89,77,64,300,91,111,98,21,75,60,85,122,85
28,23,the university of tokyo,JP,Japan,L,FC,VH,5,A,100,7,100,9,90,84,70,148,10,701+,29,427,70,196,100,11,100,5,84
29,44,"university of california, los angeles (ucla)",US,United States,XL,FC,VH,5,A,100,8,100,8,37,435,85,96,43,386,25,477,90,86,97,20,91,86,84
30,31,mcgill university,CA,Canada,XL,FC,VH,5,A,94,34,88,58,64,219,62,195,89,188,93,98,86,107,93,33,94,64=,84
32,28,the university of manchester,UK,United Kingdom,XL,FC,VH,5,A,95,33,98,21,54,288,49,274,94,160,99,44,100,10,72,66,92,75=,82
33,25,university of michigan-ann arbor,US,United States,XL,FC,VH,5,A,98,22,90,48,82,127,56,231,67,292,28,445,95,48,94,29,84,126=,82
=34,30,the australian national university,AU,Australia,L,FC,VH,4,A,93,37,70,102,35,455,93,65,100,38,93,97,79,156,44,164,87,108=,82
=34,47,university of british columbia,CA,Canada,XL,FC,VH,5,A,98,24,94,43,44,354,57,227,96,134,74,189,96,37,60,99,100,3=,82
36,16=,epfl,CH,Switzerland,M,FO,VH,5,A,85,57,60,133,92,73,98,34,100,25,100,12,66,213,19,431,42,351=,80
37,49,technical university of munich,DE,Germany,XL,FO,VH,5,A,84,59,98,19,89,89,60,210,77,243,97,71,87,103,25,330,85,120=,80
=38,48,institut polytechnique de paris,FR,France,M,CO,VH,1,A,45,185,100,10,97,51,94,59,99,106,98,58,77,163,90,35,73,189=,80
=38,39,new york university (nyu),US,United States,XL,FC,VH,5,B,96,32,99,15,96,60,27,465,26,518,95,87,85,114,100,13,98,20,80
40,37,king's college london,UK,United Kingdom,XL,FC,VH,5,A,90,46,82,68,65,215,61,201,99,99,100,23,99,14,34,223,81,142=,79
41,29,seoul national university,KR,South Korea,L,FC,VH,4,A,99,18,98,17,85,105,65,175,12,701+,15,631,37,401,100,8,74,181,79
42,57,monash university,AU,Australia,XL,FC,VH,4,A,88,49,75,84,10,701+,88,81,100,50,100,19,87,102,61,95,72,194=,78
43,50=,the university of queensland,AU,Australia,XL,FC,VH,5,A,87,52,74,89,22,635,87,84,100,41,100,22,95,53,44,163,73,187=,78
=44,42=,zhejiang university,CN,China (Mainland),XL,FC,VH,4,A,74,81,96,36,67,198,98,37,98,120,27,456,75,174,38,194,52,297=,78
45,56,the london school of economics and political science (lse),UK,United Kingdom,M,SP,VH,5,A,68,98,96,32,40,401,80,110,100,35,100,10,32,440,99,16,98,28,77
46,36,kyoto university,JP,Japan,L,FC,VH,5,A,99,20,99,14,95,63,49,270,15,670,21,538,57,266,53,118,88,103=,76
=47,61=,delft university of technology,NL,Netherlands,L,CO,VH,5,A,73,84,79,73,37,428,85,95,100,66,89,121,91,72,42,170,98,18=,76
=47,32,northwestern university,US,United States,L,FC,VH,5,B,84,60,60,132,99,39,70,147,48,364,44,327,79,152,98,19,78,162,76
=47,38,the chinese university of hong kong (cuhk),HK,Hong Kong SAR,L,FC,VH,4,A,88,50,46,190,60,236,92,67,100,57,77,174,33,438,79,53,61,246=,76
50,34=,fudan university,CN,China (Mainland),XL,FC,VH,4,A,85,55,90,49,85,108,72,136,88,193,33,393,23,522,50,134,44,341,74
51,46,shanghai jiao tong university,CN,China (Mainland),XL,FC,VH,4,A,84,61,83,64,55,279,99,15,39,415,36,377,38,390,56,113,44,339=,74
52,52,carnegie mellon university,US,United States,L,FC,VH,5,B,71,87,75,83,49,319,100,10,47,371,98,59,57,264,60,100,47,323=,74
53,58,university of amsterdam,NL,Netherlands,XL,FC,VH,5,A,84,62,44,203,21,641,98,33,92,168,80,163,97,28,50,133,65,226=,73
54,59,ludwig-maximilians-universität münchen,DE,Germany,XL,FC,VH,5,A,93,40,84,63,47,335,51,254,73,260,38,362,94,57,49,140,77,167=,73
55,61=,university of bristol,UK,United Kingdom,L,FC,VH,5,A,75,78,85,60,47,331,65,179,86,205,87,136,84,122,40,181,81,141,72
56,42=,kaist - korea advanced institute of science & technology,KR,South Korea,M,CO,VH,4,A,90,44,89,53,66,202,98,35,22,570,12,682,11,662,42,174,14,621=,72
57,50=,duke university,US,United States,L,FC,VH,5,B,86,53,69,106,100,7,40,344,17,634,52,278,90,82,89,37,95,53=,72
58,72,university of texas at austin,US,United States,XL,FC,VH,5,A,94,35,83,65,9,701+,87,85,9,701+,11,691,79,147,70,73,78,163=,72
59,60,sorbonne university,FR,France,XL,FC,VH,1,A,89,48,53,151,43,361,85,93,35,451,50,297,100,4,40,182,76,171=,72
60,40,the hong kong university of science and technology,HK,Hong Kong SAR,M,CO,VH,3,A,83,63,43,216,54,289,99,20,100,19,91,111,5,701+,50,131,31,432=,71
61,76,ku leuven,BE,Belgium,XL,FC,VH,5,A,85,56,42,220,7,701+,93,66,93,163,46,318,100,6,56,111,76,173=,70
62,53,"university of california, san diego (ucsd)",US,United States,XL,FC,VH,4,A,89,47,50,167,50,313,74,130,68,285,51,282,95,55,18,471,73,189=,70
63,80,university of washington,US,United States,XL,FC,VH,5,A,84,58,50,168,19,692,94,62,19,600,33,392,94,59,70,74,88,106=,69
64,85,university of illinois at urbana-champaign,US,United States,XL,FC,VH,5,A,85,54,71,100,8,701+,87,86,11,701+,49,303,76,164,66,84,84,128=,69
=65,65=,the hong kong polytechnic university,HK,Hong Kong SAR,L,CO,VH,3,A,68,97,30,323,68,192,89,77,100,40,87,133,42,362,49,138,93,73,69
=65,70,universiti malaya (um),MY,Malaysia,L,FC,VH,4,A,81,68,96,34,72,178,33,416,53,346,59,254,79,148,28,286,93,68,69
67,64,the university of warwick,UK,United Kingdom,L,FC,VH,4,A,71,86,88,56,37,420,49,275,98,109,99,47,90,87,47,148,63,239=,69
68,87,the university of auckland,NZ,New Zealand,L,FC,VH,5,A,82,65,41,231,19,687,62,198,100,68,92,108,64,220,94,28,100,9,68
69,77,national taiwan university (ntu),TW,Taiwan,XL,FC,VH,4,A,93,39,91,46,31,508,47,288,18,619,20,547,33,431,100,12,96,49,68
70,54,city university of hong kong,HK,Hong Kong SAR,M,CO,VH,3,A,60,122,27,356,87,99,100,9,100,17,100,2,17,570,30,269,82,136,68
71,69,université paris-saclay,FR,France,XL,CO,VH,1,A,59,128,99,13,100,25,46,294,39,416,61,244,99,17,34,224,74,182=,68
72,90,the university of western australia,AU,Australia,L,FC,VH,5,A,56,138,45,200,17,701+,99,23,100,29,100,34,90,83,66,82,70,204=,67
=73,63,brown university,US,United States,M,FC,VH,5,B,58,131,42,221,78,145,86,89,85,212,52,279,58,258,75,59,70,201=,66
=73,89,kth royal institute of technology,SE,Sweden,L,CO,VH,5,A,46,181,51,162,66,201,90,74,93,162,68,217,81,142,57,108,96,44=,66
75,86,university of leeds,UK,United Kingdom,XL,FC,VH,5,A,70,89,77,77,37,421,42,320,85,208,90,118,99,16,38,193,91,88,66
=76,81,university of glasgow,UK,United Kingdom,XL,FC,VH,5,A,76,77,71,101,42,377,32,423,96,143,100,41,90,80,27,306,100,11,65
=76,73,yonsei university,KR,South Korea,L,FC,VH,4,B,80,72,96,31,87,97,36,385,20,594,50,298,25,498,71,69,38,377=,65
78,92,durham university,UK,United Kingdom,L,FC,VH,5,A,60,124,89,50,28,548,53,241,98,125,87,135,86,108,29,274,98,30=,65
79,74,korea university,KR,South Korea,L,FC,VH,4,B,82,64,94,40,81,137,37,382,14,694,36,370,20,546,71,71,59,255=,65
80,68,osaka university,JP,Japan,L,FC,VH,4,A,81,67,89,51,55,272,63,191,29,498,13,658,27,486,23,361,59,255=,64
=81,98,"trinity college dublin, the university of dublin",IE,Ireland,L,FC,VH,5,A,69,92,40,238,24,601,64,184,100,79,93,104,82,132,71,70,76,173=,64
=81,78,university of southampton,UK,United Kingdom,L,FC,VH,5,A,52,154,51,160,53,298,71,140,96,138,97,70,97,31,33,235,83,133=,64
83,93,pennsylvania state university,US,United States,XL,FC,VH,5,A,78,76,63,126,28,540,63,189,23,560,27,449,97,36,48,145,95,52,63
84,91,university of birmingham,UK,United Kingdom,XL,FC,VH,5,A,68,99,76,81,41,379,38,364,92,169,84,148,96,41,30,270,80,146=,63
=85,95,lund university,SE,Sweden,L,FC,VH,5,A,69,93,48,185,50,310,38,373,99,102,77,173,95,52,66,83,99,14,63
=85,115,universidade de são paulo,BR,Brazil,XL,FC,VH,4,A,92,41,83,66,19,688,30,434,6,701+,2,701+,91,76,90,36,96,44=,63
=87,75,lomonosov moscow state university,RU,Russia,XL,FC,VH,5,A,81,69,78,74,100,26,5,701+,20,587,92,105,85,115,82,48,13,631=,62
=87,65=,ruprecht-karls-universität heidelberg,DE,Germany,L,FO,VH,5,A,78,75,52,156,100,29,38,365,53,349,50,290,90,88,20,423,43,345=,62
89,109,the university of adelaide,AU,Australia,L,FC,VH,5,A,54,144,37,267,16,701+,87,83,100,69,100,40,79,154,38,191,96,42,62
90,137,university of technology sydney,AU,Australia,L,CO,VH,3,A,43,195,58,143,9,701+,95,52,97,132,94,95,80,146,30,260,93,72,62
=91,55,tokyo institute of technology (tokyo tech),JP,Japan,M,CO,VH,4,A,74,79,95,39,84,109,53,244,32,475,32,404,9,701+,20,425,18,567=,62
=91,83=,university of zurich,CH,Switzerland,L,FC,VH,5,A,59,126,28,352,90,88,52,248,100,60,53,274,87,100,75,58,80,149,62
=93,108,boston university,US,United States,L,FC,VH,5,B,62,113,68,109,33,485,60,204,22,576,88,132,73,187,69,76,86,113=,61
=93,104=,universidad nacional autónoma de méxico (unam),MX,Mexico,XL,FC,VH,5,A,97,28,98,18,40,397,3,701+,8,701+,3,701+,85,120,68,78,89,101=,61
=95,67,universidad de buenos aires (uba),AR,Argentina,XL,FC,VH,5,A,93,36,98,20,74,170,2,701+,63,309,67,224,28,470,26,311,19,555=,61
=95,96=,university of st andrews,UK,United Kingdom,M,FO,VH,5,A,47,173,67,114,65,212,58,223,99,103,100,29,51,306,22,370,92,77=,61
97,88,georgia institute of technology,US,United States,L,CO,VH,5,A,67,100,85,59,15,701+,67,163,39,417,65,230,33,432,42,175,70,201=,61
98,118=,freie universitaet berlin,DE,Germany,L,FC,VH,4,A,81,70,51,163,4,701+,71,141,63,308,44,332,85,118,22,378,60,251,61
99,129=,purdue university,US,United States,XL,FC,VH,5,A,64,108,81,71,10,701+,68,155,42,398,46,317,75,170,53,117,67,215=,61
=100,71,pohang university of science and technology (postech),KR,South Korea,S,FO,VH,3,B,52,153,76,79,100,21,98,29,34,464,3,701+,1,701+,13,637,17,581=,60
=100,114,university of nottingham,UK,United Kingdom,XL,FC,VH,5,A,61,116,72,96,32,492,47,290,90,183,75,185,98,18,24,342,80,150=,60
102,83=,university of wisconsin-madison,US,United States,XL,FC,VH,5,A,80,71,48,182,61,229,37,376,31,483,23,501,84,126,73,61,84,126=,60
103,121,pontificia universidad católica de chile (uc),CL,Chile,L,FC,VH,5,B,93,38,100,11,21,654,12,701+,16,645,4,701+,57,270,76,56,91,84=,60
104,96=,the university of sheffield,UK,United Kingdom,L,FC,VH,5,A,59,130,52,153,55,278,47,289,84,218,98,69,96,38,25,332,76,169,60
105,128,uppsala university,SE,Sweden,L,FC,VH,5,A,63,111,31,320,48,330,46,296,98,108,82,152,96,47,58,105,99,12,59
106,147=,rwth aachen university,DE,Germany,XL,FC,VH,5,A,50,163,93,44,6,701+,79,120,49,362,83,151,64,223,24,354,53,288=,59
=107,82,university of copenhagen,DK,Denmark,XL,FC,VH,5,A,74,80,26,371,100,19,21,543,91,175,23,506,98,19,60,98,87,108=,59
=107,112=,utrecht university,NL,Netherlands,XL,FC,VH,5,A,67,102,32,311,33,487,81,108,57,323,21,531,95,54,27,309,84,128=,59
109,116=,aalto university,FI,Finland,L,FO,VH,2,A,45,187,42,223,40,391,79,112,96,147,38,363,56,277,89,39,95,53=,59
110,122,newcastle university,UK,United Kingdom,L,FC,VH,4,A,48,170,75,87,36,445,50,264,90,182,71,203,96,39,24,349,99,17,59
111,110,university of alberta,CA,Canada,XL,FC,VH,5,A,57,135,37,266,43,370,59,213,98,116,73,193,92,68,46,152,76,170,58
112,154,university of waterloo,CA,Canada,XL,CO,VH,4,A,41,208,67,117,7,701+,83,100,77,241,78,172,55,281,56,112,97,36=,58
113,79,tohoku university,JP,Japan,L,FC,VH,5,A,72,85,84,61,99,41,30,436,14,683,14,647,28,474,17,486,75,177=,58
114,172=,western university,CA,Canada,XL,FC,VH,5,A,32,273,47,186,4,701+,98,30,100,86,55,268,56,274,93,30,100,8,57
115,106=,university of helsinki,FI,Finland,L,CO,VH,5,A,65,105,32,304,63,223,50,265,72,268,5,701+,96,40,66,86,83,133=,57
116,134,university of southern california,US,United States,XL,FC,VH,5,B,53,150,48,183,22,634,68,157,32,474,74,191,63,228,93,32,99,15,57
117,101,university of oslo,NO,Norway,L,FC,VH,5,A,56,139,11,601+,82,132,64,183,86,202,25,472,96,43,42,173,92,80=,57
118,153,stockholm university,SE,Sweden,L,CO,VH,4,A,54,145,15,543,28,543,72,138,82,223,84,147,95,51,76,57,75,175=,57
119,141=,"kit, karlsruhe institute of technology",DE,Germany,L,CO,VH,4,A,46,182,77,76,36,443,72,139,70,275,47,312,76,166,39,187,24,504=,56
120,131=,humboldt-universität zu berlin,DE,Germany,XL,FC,VH,5,A,90,43,66,120,8,701+,31,425,68,286,32,406,86,110,14,586,38,382=,56
121,104=,technical university of denmark,DK,Denmark,M,FO,VH,5,A,33,270,16,525,100,27,83,99,100,53,82,153,72,189,29,275,55,277=,56
122,146,lancaster university,UK,United Kingdom,L,FC,VH,4,A,40,215,40,236,25,581,79,115,94,157,91,116,75,171,21,400,98,24,56
123,139,politecnico di milano,IT,Italy,XL,FO,VH,5,A,69,94,71,99,5,701+,48,282,64,302,57,262,75,173,37,201,29,453=,55
=124,138,eindhoven university of technology,NL,Netherlands,M,FO,VH,4,A,29,295,76,78,40,390,90,75,100,30,71,205,40,377,20,426,18,567=,55
=124,136,university of basel,CH,Switzerland,M,FC,VH,5,A,28,314,18,494,57,253,97,44,100,34,85,143,74,175,41,179,70,201=,55
=126,131=,leiden university,NL,Netherlands,XL,FC,VH,5,A,69,95,27,362,20,659,63,190,86,204,50,292,94,61,27,303,46,331=,55
=126,120,university of bern,CH,Switzerland,M,FO,VH,5,A,31,284,24,396,55,280,99,17,100,42,37,369,89,89,26,313,74,182=,55
128,125=,university of geneva,CH,Switzerland,L,FC,VH,5,A,45,184,14,579,42,374,75,127,100,45,96,81,87,99,31,246,63,232=,54
129,125=,chalmers university of technology,SE,Sweden,M,FO,VH,5,B,27,326,52,158,51,306,81,107,100,49,67,220,52,299,29,278,83,132,54
=130,195=,macquarie university,AU,Australia,L,FC,VH,4,A,32,276,41,228,10,701+,81,105,99,104,94,94,81,139,43,167,92,80=,54
=130,151,university of vienna,AT,Austria,XL,FC,VH,5,A,71,88,43,217,22,629,15,646,99,92,88,129,94,62,57,109,74,180,54
=132,102=,"university of california, davis",US,United States,XL,FC,VH,5,A,64,107,45,199,30,518,41,338,70,276,49,301,78,159,19,439,99,16,53
=132,102=,"university of north carolina, chapel hill",US,United States,XL,FC,VH,5,A,63,110,34,290,73,171,43,316,25,541,10,701+,82,133,48,142,97,38,53
=134,171,sapienza university of rome,IT,Italy,XL,FC,VH,5,A,79,74,41,229,5,701+,45,301,3,701+,11,697,97,33,60,101,92,79,53
=134,164=,texas a&m university,US,United States,XL,FC,VH,5,A,62,112,60,135,5,701+,68,152,23,564,13,656,88,93,30,259,61,246=,53
136,159,michigan state university,US,United States,XL,FC,VH,5,A,60,120,49,174,11,701+,58,221,59,320,13,665,96,45,46,153,71,199,53
=137,143=,universiti sains malaysia (usm),MY,Malaysia,L,FC,VH,4,A,61,115,75,86,55,273,16,613,25,538,89,124,60,246,18,462,86,116,53
=137,94,university of science and technology of china,CN,China (Mainland),L,CO,VH,4,A,53,149,18,500,91,80,99,26,17,639,5,701+,32,444,25,335,22,528=,53
139,145,university of groningen,NL,Netherlands,XL,FC,VH,5,A,53,148,30,326,51,304,43,311,94,159,86,140,92,67,22,372,68,214,53
140,190=,rmit university,AU,Australia,XL,CO,VH,3,A,39,223,50,173,5,701+,69,151,100,37,93,102,57,267,29,277,96,43,52
=141,133,nanjing university,CN,China (Mainland),XL,FC,VH,5,A,60,123,25,378,31,504,97,42,55,334,7,701+,26,488,24,356,39,367=,52
=141,116=,université de montréal,CA,Canada,XL,FC,VH,5,A,57,136,35,283,77,154,25,491,88,191,52,277,65,216,36,205,96,50,52
=143,161,aarhus university,DK,Denmark,L,FC,VH,4,A,56,140,25,387,33,490,54,238,90,181,13,661,95,56,45,156,98,18=,52
=143,106=,king abdulaziz university (kau),SA,Saudi Arabia,XL,FC,VH,4,A,55,143,62,127,53,300,38,374,98,124,23,500,84,121,17,483,44,342=,52
=145,125=,queen mary university of london,UK,United Kingdom,L,FC,VH,5,A,49,168,33,300,39,409,51,260,100,85,99,43,73,184,17,506,70,207=,52
=145,100,rice university,US,United States,M,FC,VH,5,B,39,222,23,415,66,205,83,101,91,176,95,89,10,671,30,262,43,345=,52
=145,99,sungkyunkwan university(skku),KR,South Korea,L,FC,VH,5,B,64,106,72,98,82,129,38,369,18,618,34,387,10,672,27,304,28,471=,52
148,179=,university of bath,UK,United Kingdom,L,CO,VH,4,A,36,244,74,88,16,701+,62,196,96,136,82,155,59,251,27,310,48,316=,52
=149,172=,indian institute of technology bombay (iitb),IN,India,L,CO,VH,4,A,56,141,82,69,19,697,73,133,5,701+,1,701+,9,701+,47,146,55,277=,52
=149,178,universitat autònoma de barcelona,ES,Spain,XL,FC,VH,4,A,63,109,39,246,11,701+,71,145,18,615,17,582,84,123,14,623,95,60,52
=151,140,the ohio state university,US,United States,XL,FC,VH,5,A,59,125,56,148,54,287,31,429,50,359,17,590,85,116,35,216,78,158=,51
=151,124,wageningen university & research,NL,Netherlands,L,FO,VH,5,A,43,196,19,472,98,47,46,292,55,336,79,170,98,22,19,438,72,196=,51
153,163,the university of exeter,UK,United Kingdom,L,FC,VH,4,A,43,199,51,161,27,555,43,308,92,174,76,180,90,85,20,424,95,57,51
=154,167=,alma mater studiorum - university of bologna,IT,Italy,XL,FC,VH,5,A,80,73,40,237,3,701+,50,267,8,701+,11,695,91,75,35,219,57,268=,51
=154,166,cardiff university,UK,United Kingdom,L,FC,VH,5,A,47,176,48,181,34,474,40,347,84,217,71,206,82,138,19,442,98,25,51
=154,158,technische universität berlin (tu berlin),DE,Germany,L,CO,VH,5,A,56,137,69,107,53,296,25,492,51,351,69,214,55,284,25,327,52,294,51
=154,118=,washington university in st. louis,US,United States,L,FC,VH,5,B,39,224,10,601+,100,28,51,259,84,214,68,219,61,241,34,228,91,83,51
158,123,universiti putra malaysia (upm),MY,Malaysia,L,FC,VH,4,A,59,129,68,113,68,194,23,519,44,381,97,72,45,341,10,701+,23,511=,50
=159,143=,ghent university,BE,Belgium,XL,FC,VH,5,A,53,146,25,379,79,141,25,486,80,231,21,528,100,8,52,124,91,84=,50
=159,167=,universidad de chile,CL,Chile,XL,FC,VH,5,A,82,66,97,30,10,701+,13,687,9,701+,5,701+,49,322,50,130,36,389=,50
=159,129=,universiti kebangsaan malaysia (ukm),MY,Malaysia,L,FC,VH,4,A,60,121,70,103,88,95,12,701+,53,347,61,242,57,272,11,701+,24,497=,50
162,185=,university of wollongong,AU,Australia,L,FC,VH,3,A,30,290,25,382,16,701+,94,60,96,146,56,265,73,186,17,492,92,75=,50
163,149,"university of california, santa barbara (ucsb)",US,United States,L,CO,VH,5,A,55,142,19,470,10,701+,97,41,70,274,22,522,44,352,10,701+,56,271=,50
=164,157,hanyang university,KR,South Korea,L,FC,VH,4,B,49,167,81,70,84,117,23,510,17,632,54,269,16,587,25,336,78,163=,50
=164,135,kyushu university,JP,Japan,L,FC,VH,5,A,57,132,70,104,86,103,24,503,15,671,26,467,33,436,15,547,78,163=,50
=164,184,universitat de barcelona,ES,Spain,XL,FC,VH,5,A,73,83,23,412,13,701+,42,325,22,574,29,437,98,23,40,180,98,23,50
167,162,university of york,UK,United Kingdom,L,FC,VH,4,A,44,194,35,275,45,351,40,342,88,192,78,171,79,150,20,421,98,26=,49
168,188,university of florida,US,United States,XL,FC,VH,5,A,48,171,59,137,71,180,27,467,19,604,11,699,98,24,39,184,96,48,49
=169,164=,"university of maryland, college park",US,United States,XL,FC,VH,5,A,49,165,26,369,35,451,68,154,32,477,14,639,86,113,42,176,82,137=,49
=169,229,university of reading,UK,United Kingdom,L,CO,VH,5,A,33,263,39,241,16,701+,67,161,88,189,81,158,78,158,32,237,73,189=,49
=171,226=,complutense university of madrid,ES,Spain,XL,FC,VH,4,A,68,96,69,105,26,573,7,701+,9,701+,26,469,83,127,58,106,96,41,49
=171,181=,university college dublin,IE,Ireland,L,FC,VH,5,A,50,162,41,226,21,652,39,354,99,101,61,245,51,309,69,75,70,204=,49
=173,208=,qatar university,QA,Qatar,M,FC,VH,3,A,27,320,44,206,65,213,39,356,100,20,97,74,60,244,96,24,36,397=,49
=173,192,"the university of newcastle, australia (uon)",AU,Australia,M,FC,VH,4,A,29,296,27,361,37,436,91,71,100,73=,17,584,49,319,13,696,93,70=,49
=173,237=,university of cape town,ZA,South Africa,L,FC,VH,5,A,44,190,51,164,13,701+,46,295,60,317,21,527,95,49,89,38,75,175=,49
=176,208=,erasmus university rotterdam,NL,Netherlands,XL,FO,VH,5,A,37,232,51,165,23,624,53,240,83,221,60,247,72,190,64,91,49,312=,49
=176,112=,nagoya university,JP,Japan,L,FC,VH,4,A,62,114,65,123,88,96,33,412,15,661,19,558,18,565,17,509,24,502=,49
=176,190=,university of liverpool,UK,United Kingdom,L,FC,VH,5,A,44,191,35,277,40,401,38,371,88,194,79,168,97,29,26,324,72,193,49
179,219,arizona state university,US,United States,XL,CO,VH,5,A,47,174,37,265,7,701+,62,199,65,299,30,422,88,97,27,307,97,33=,48
=180,160,king fahd university of petroleum & minerals,SA,Saudi Arabia,M,FC,VH,4,A,33,267,37,268,83,124,66,165,100,24,32,402,26,492,39,185,21,536=,48
=180,195=,université catholique de louvain (uclouvain),BE,Belgium,L,FC,VH,5,B,49,166,31,317,4,701+,60,203,89,186,39,347,83,130,52,125,55,279=,48
182,242,university of calgary,CA,Canada,XL,FC,VH,4,A,38,229,61,129,20,668,42,330,83,222,62,241,62,232,39,188,92,82,48
183,193,curtin university,AU,Australia,L,CO,VH,3,A,32,271,32,309,14,701+,86,88,100,43,26,459,85,119,26,320,51,305=,48
=184,111,école normale supérieure de lyon,FR,France,S,CO,VH,5,A,31,285,14,570,96,59,98,27,71,272,15,628,34,425,10,701+,6,701+,48
=184,179=,technische universität wien,AT,Austria,M,FO,VH,5,A,33,266,44,201,13,701+,86,91,79,232,89,123,45,347,13,649,19,552=,48
=184,170,tecnológico de monterrey,MX,Mexico,XL,FC,HI,4,B,51,157,97,28,64,222,2,701+,33,469,12,681,14,618,88,41,66,223=,48
187,185=,university of gothenburg,SE,Sweden,L,FC,VH,4,A,36,239,17,511,56,261,39,349,91,179,81,160,86,104,46,151,98,30=,47
188,203=,universiti teknologi malaysia,MY,Malaysia,L,CO,VH,3,A,47,175,64,124,43,371,34,403,16,651,85,141,59,257,14,631,67,217=,47
=189,152,mcmaster university,CA,Canada,L,FC,VH,5,A,41,210,38,255,75,166,29,444,99,93,60,250,40,376,37,197,70,204=,47
=189,222=,queensland university of technology (qut),AU,Australia,XL,CO,VH,3,A,41,205,38,261,7,701+,65,176,96,141,26,458,69,202,17,502,91,89=,47
=189,210=,universite libre de bruxelles,BE,Belgium,L,FC,VH,5,A,34,249,39,247,3,701+,63,186,97,126,85,144,69,201,36,207,60,249=,47
=192,189,albert-ludwigs-universitaet freiburg,DE,Germany,L,FC,VH,5,A,46,179,20,460,29,531,63,187,69,281,36,371,83,131,25,328,68,213,47
=192,174=,ecole des ponts paristech,FR,France,S,FO,VH,5,A,8,601+,58,142,98,45,81,109,35,458,97,75,6,701+,30,261,19,549=,47
194,194,wuhan university,CN,China (Mainland),XL,FC,VH,4,A,41,204,44,205,13,701+,87,82,41,405,5,701+,48,324,35,218,44,336=,47
195,185=,university of minnesota twin cities,US,United States,XL,FC,VH,5,A,59,127,30,324,31,510,46,291,6,701+,9,701+,86,109,42,172,89,101=,46
196,141=,hokkaido university,JP,Japan,L,FC,VH,5,A,57,134,66,119,76,162,28,451,18,621,14,633,38,392,13,665,31,438=,46
197,174=,indian institute of technology delhi (iitd),IN,India,M,CO,VH,4,A,51,158,76,80,22,630,64,182,2,701+,1,701+,7,701+,33,234,38,382=,46
198,220=,universidad de los andes,CO,Colombia,L,FC,HI,4,B,65,103,96,35,18,701+,6,701+,26,517,2,701+,11,649,96,23,40,362=,46
=199,155=,emory university,US,United States,L,FC,VH,5,B,26,342,16,522,98,50,70,149,37,431,31,409,57,268,24,357,86,115,46
=199,215=,universidad autónoma de madrid,ES,Spain,L,FC,VH,4,A,60,117,58,145,35,464,25,485,8,701+,12,678,80,143,20,428,89,97=,46
=199,205=,waseda university,JP,Japan,XL,CO,VH,5,B,60,118,97,24,24,602,4,701+,28,503,29,436,18,569,66,87,57,268=,46
202,233=,queen's university belfast,UK,United Kingdom,L,FC,VH,5,A,34,258,30,321,28,554,44,307,100,75,99,54,84,124,14,589,91,87,46
=203,237=,king saud university,SA,Saudi Arabia,XL,FC,VH,4,A,37,236,21,435,64,218,32,419,100,83,21,525,89,92,72,67,76,171=,45
=203,237=,university of ottawa,CA,Canada,XL,FC,VH,5,A,27,329,30,328,4,701+,79,116,86,203,76,182,86,111,24,344,55,279=,45
205,228,universität hamburg,DE,Germany,L,FC,VH,5,A,51,160,29,340,17,701+,60,205,42,395,22,512,87,101,27,305,53,292=,45
206,217=,university of otago,NZ,New Zealand,L,FC,VH,5,A,46,178,27,359,11,701+,51,256,100,44,29,428,38,391,45,159,98,22,45
207,214,vrije universiteit amsterdam,NL,Netherlands,XL,FC,VH,5,A,40,217,16,531,24,607,68,156,69,284,40,340,70,195,20,414,89,95=,45
208,220=,university of aberdeen,UK,United Kingdom,L,FC,VH,5,A,30,292,33,302,30,525,42,322,96,144,97,77,73,180,21,408,98,21,45
209,246=,queen's university at kingston,CA,Canada,L,FC,VH,5,A,41,209,57,146,5,701+,45,300,70,278,31,417,23,523,72,68,85,117,45
210,212=,university of twente,NL,Netherlands,M,FO,VH,4,A,21,422,38,254,39,404,65,171,99,94,91,112,68,208,13,687,33,416=,44
211,224=,chulalongkorn university,TH,Thailand,XL,FC,VH,5,A,67,101,50,170,32,498,7,701+,15,668,3,701+,49,318,87,44,86,113=,44
212,256=,loughborough university,UK,United Kingdom,L,CO,VH,4,A,31,283,67,116,24,604,35,392,87,198,64,237,77,162,19,446,63,231,44
213,169,eberhard karls universität tübingen,DE,Germany,L,FC,VH,5,A,46,180,30,325,93,71,20,560,68,289,27,454,90,84,21,393,42,351=,44
214,197=,keio university,JP,Japan,XL,FC,VH,5,B,51,156,94,42,58,246,6,701+,10,701+,9,701+,9,689,80,50,39,366,44
215,260=,tel aviv university,IL,Israel,L,FC,VH,4,A,33,264,24,407,4,701+,100,11,40,410,5,701+,40,382,73,62,38,373=,44
216,212=,tongji university,CN,China (Mainland),XL,FC,VH,5,A,34,251,13,601+,29,534,92,70,57,327,33,396,21,534,18,464,65,225,44
217,202,national yang ming chiao tung university,TW,Taiwan,L,FC,VH,1,A,33,262,68,110,54,286,52,247,19,601,19,566,4,701+,45,160,54,283=,43
218,240=,university of sussex,UK,United Kingdom,L,FC,VH,4,A,23,380,9,601+,15,701+,71,142,96,137,93,100,63,226,31,251,97,35,43
219,243=,università di padova,IT,Italy,XL,FC,VH,5,A,57,133,22,428,8,701+,52,250,13,701+,9,701+,91,73,14,620,95,55,43
=220,210=,universidade estadual de campinas (unicamp),BR,Brazil,XL,FC,VH,4,A,70,90,50,169,13,701+,25,489,12,701+,3,701+,54,294,10,701+,75,177=,43
=220,203=,university of lausanne,CH,Switzerland,L,FO,VH,5,A,29,294,15,545,37,434,65,173,100,77,57,263,48,327,28,290,62,245,43
=222,232,radboud university,NL,Netherlands,L,FC,VH,5,A,29,302,14,585,28,551,75,129,78,236,20,544,79,155,16,533,83,133=,43
=222,181=,university of pittsburgh,US,United States,L,FC,VH,5,A,38,228,15,541,96,56,39,357,7,701+,15,621,81,140,33,232,91,91,43
224,147=,university of rochester,US,United States,M,FC,VH,5,B,22,398,18,477,98,48,52,252,71,269,92,106,31,451,27,308,33,416=,42
225,155=,indian institute of science,IN,India,S,SP,,5,A,42,202,20,454,46,340,100,6,5,701+,2,701+,4,701+,14,621,11,660,42
=226,252,american university of beirut (aub),LB,Lebanon,M,FC,VH,5,B,28,316,42,225,57,254,24,499,68,288,47,310,36,415,89,40,93,70=,42
=226,243=,universidad nacional de colombia,CO,Colombia,XL,FC,HI,5,A,70,91,97,29,6,701+,4,701+,6,701+,2,701+,13,620,30,263,50,309=,42
228,224=,national cheng kung university (ncku),TW,Taiwan,L,FC,VH,4,A,49,164,76,82,33,482,21,544,24,557,16,605,11,653,30,257,78,160=,42
229,340=,friedrich-alexander-universität erlangen-nürnberg,DE,Germany,L,FC,VH,5,A,25,347,21,446,3,701+,96,48,27,511,40,342,75,172,16,541,70,207=,42
=230,150,al-farabi kazakh national university,KZ,Kazakhstan,L,FC,HI,4,A,51,155,75,85,99,38,1,701+,29,497,34,386,12,634,12,701+,5,701+,42
=230,181=,khalifa university of science and technology,AE,United Arab Emirates,S,SP,,2,A,20,448,20,451,87,98,48,281,100,10,75,184,30,459,9,701+,67,220=,42
232,215=,university of göttingen,DE,Germany,L,FC,VH,5,A,47,172,29,338,70,183,18,587,50,361,23,505,92,71,22,379,56,274,41
=233,266,deakin university,AU,Australia,XL,FC,VH,3,A,30,291,26,373,5,701+,67,160,97,130,60,249,51,303,26,312,54,283=,41
=233,177,national tsing hua university,TW,Taiwan,L,CO,VH,4,A,53,147,68,111,28,542,38,363,17,635,20,546,7,701+,16,525,31,444=,41
235,281=,heriot-watt university,UK,United Kingdom,M,CO,VH,4,A,16,537,21,438,19,701+,79,113,100,67,98,66,40,375,21,392,44,342=,41
236,248=,université de paris-cité,FR,France,XL,FO,VH,1,A,32,275,6,601+,9,701+,94,61,19,598,42,336,100,11,12,701+,46,331=,41
=237,205=,dartmouth college,US,United States,M,FC,VH,5,B,21,415,24,398,58,248,79,121,5,701+,34,388,7,701+,72,65,67,217=,41
=237,248=,universitas indonesia,ID,Indonesia,XL,FC,VH,4,A,51,161,73,91,50,309,2,701+,76,249,5,701+,2,701+,59,103,42,351=,41
=239,292,massey university,NZ,New Zealand,M,CO,VH,4,A,30,286,16,528,43,364,23,520,98,111,98,64,65,215,45,157,95,58=,41
=239,201,rheinische friedrich-wilhelms-universität bonn,DE,Germany,L,FC,VH,5,A,52,151,20,458,58,247,22,526,42,397,38,365,91,79,26,319,35,399,41
241,275=,victoria university of wellington,NZ,New Zealand,L,CO,VH,4,A,45,186,26,375,9,701+,32,418,100,88,35,382,38,393,47,149,94,66,41
242,316,la trobe university,AU,Australia,L,CO,VH,4,A,23,388,20,453,7,701+,78,124,94,156,98,57,46,337,14,591,29,460=,40
243,300=,griffith university,AU,Australia,XL,FC,VH,4,A,27,332,16,526,8,701+,66,166,100,70,32,403,73,185,16,539,93,69,40
244,305,university of surrey,UK,United Kingdom,L,CO,VH,4,A,20,428,23,409,23,613,56,230,97,129,88,127,71,192,17,503,58,259=,40
245,253=,university of massachusetts amherst,US,United States,L,CO,VH,5,A,40,218,12,601+,11,701+,58,225,71,271,24,490,52,301,28,292,94,67,40
=246,275=,technical university of darmstadt,DE,Germany,L,FO,VH,5,A,21,417,38,263,6,701+,79,117,63,310,75,188,33,439,34,229,20,545=,40
=246,200,technische universität dresden,DE,Germany,L,FC,VH,5,A,38,231,38,258,91,79,15,639,46,373,35,379,87,98,11,701+,31,438=,40
=248,288=,charles university,CZ,Czech Republic,XL,FC,VH,5,A,46,183,44,210,35,456,9,701+,25,539,51,283,91,77,28,294,84,125,40
=248,280,university of antwerp,BE,Belgium,L,FC,VH,2,A,24,362,12,601+,45,349,49,272,91,177,32,397,90,81,30,268,80,146=,40
250,331,university of waikato,NZ,New Zealand,M,CO,VH,4,A,18,484,13,601+,11,701+,75,128,99,91,73,192,18,568,45,162,80,152=,40
251,222=,the hebrew university of jerusalem,IL,Israel,L,FC,VH,5,A,34,252,29,334,81,135,23,521,55,338,16,600,37,400,78,54,51,301=,39
252,325=,politecnico di torino,IT,Italy,XL,FO,VH,5,A,39,225,45,194,2,701+,58,222,4,701+,47,313,50,313,21,391,57,263=,39
253,274,university of porto,PT,Portugal,XL,FC,VH,5,A,40,214,23,414,11,701+,58,219,7,701+,19,564,94,60,18,473,77,167=,39
254,304,university of macau,MO,Macau SAR,M,FO,VH,3,A,11,601+,14,575,12,701+,97,43,100,18,99,49,11,646,42,177,4,701+,39
255,176,case western reserve university,US,United States,M,FC,VH,4,B,18,486,17,507,83,118,64,185,38,420,68,216,21,537,27,301,35,403=,39
=256,217=,harbin institute of technology,CN,China (Mainland),L,FO,VH,4,A,29,306,15,552,42,378,99,24,9,701+,8,701+,23,517,20,412,15,603=,39
=256,278,maastricht university,NL,Netherlands,L,FO,VH,3,A,23,369,22,422,13,701+,63,193,100,90,100,17,47,333,27,302,14,627=,39
=256,284,university of canterbury | te whare wānanga o waitaha,NZ,New Zealand,L,CO,VH,4,A,34,257,33,299,11,701+,33,414,100,81,35,378,22,529,63,93,97,36=,39
259,251,vrije universiteit brussel (vub),BE,Belgium,L,FC,VH,4,A,23,373,17,512,76,160,22,527,94,158,59,252,88,94,31,244,67,215=,39
260,253=,university of virginia,US,United States,L,FC,VH,5,A,36,243,32,307,57,257,34,401,8,701+,11,700,58,262,69,77,63,232=,39
261,199,vanderbilt university,US,United States,L,FC,VH,5,B,25,348,20,459,100,9,37,377,36,442,35,383,47,332,36,206,51,299=,38
262,284=,university of warsaw,PL,Poland,XL,CO,VH,5,A,49,169,53,150,42,375,6,701+,10,701+,9,701+,62,233,37,204,80,150=,38
263,231,gadjah mada university,ID,Indonesia,XL,FC,HI,4,A,52,152,67,118,54,282,2,701+,39,419,2,701+,2,701+,43,169,47,323=,38
=264,317=,university of colorado boulder,US,United States,XL,CO,VH,5,A,37,237,14,596,33,480,49,269,27,508,6,701+,69,204,31,247,96,40,38
=264,428=,university of witwatersrand,ZA,South Africa,L,FC,VH,5,A,26,341,43,214,11,701+,28,453,80,229,8,701+,92,65,97,21,63,239=,38
=266,197=,ulsan national institute of science and technology (unist),KR,South Korea,S,FO,VH,2,A,15,579,12,601+,84,114,99,25,42,399,11,692,1,701+,8,701+,2,701+,38
=266,335=,university of lisbon,PT,Portugal,XL,FC,VH,5,A,42,201,21,442,13,701+,35,387,9,701+,31,415,97,27,66,85,67,220=,38
=268,320=,linköping university,SE,Sweden,L,CO,VH,3,A,19,470,27,363,35,457,49,277,78,239,30,420,58,260,35,221,87,108=,38
=268,235=,"university of california, irvine",US,United States,XL,FC,VH,4,A,38,230,17,517,15,701+,50,263,57,325,50,299,65,214,11,701+,59,255=,38
=268,335=,university of cologne,DE,Germany,L,FO,VH,5,A,37,235,39,253,19,686,31,427,41,406,31,413,81,141,37,199,57,263=,38
271,270=,indian institute of technology kharagpur (iit-kgp),IN,India,L,FO,VH,4,A,32,272,44,211,12,701+,86,90,3,701+,1,701+,11,659,22,388,18,567=,37
=272,262=,beijing normal university,CN,China (Mainland),L,CO,VH,5,A,38,227,7,601+,26,576,86,87,7,701+,23,496,23,520,12,701+,31,444=,37
=272,279,university of leicester,UK,United Kingdom,L,FC,VH,5,A,21,412,14,576,36,441,45,298,81,226,94,91,76,167,18,468,51,301=,37
274,312=,north carolina state university,US,United States,XL,CO,VH,5,A,28,315,25,384,9,701+,67,162,63,306,15,613,50,317,21,398,65,228=,37
275,306,huazhong university of science and technology,CN,China (Mainland),XL,FC,VH,4,A,23,384,29,332,10,701+,99,16,6,701+,3,701+,45,340,17,504,27,480,37
=276,324,university of milan,IT,Italy,XL,FC,VH,4,A,51,159,13,601+,6,701+,48,284,8,701+,7,701+,59,255,24,345,92,77=,37
=276,325=,university of strathclyde,UK,United Kingdom,L,CO,VH,4,A,26,334,35,281,18,701+,34,405,93,161,67,222,62,235,24,353,59,252=,37
=278,264=,indian institute of technology kanpur (iitk),IN,India,M,CO,VH,4,A,35,247,49,175,14,701+,76,126,2,701+,1,701+,3,701+,21,404,22,524=,37
=278,296=,university of miami,US,United States,L,FC,VH,4,B,20,435,45,198,77,155,19,565,84,215,23,502,55,283,37,198,51,305=,37
280,253=,university of navarra,ES,Spain,L,FC,HI,4,B,29,300,61,130,57,260,15,635,25,531,75,186,29,464,28,282,46,333,37
=281,235=,bandung institute of technology (itb),ID,Indonesia,L,CO,VH,5,A,41,203,66,122,66,208,3,701+,84,213,2,701+,1,701+,36,209,21,533=,37
=281,207,university of bergen,NO,Norway,L,FC,VH,3,A,33,269,5,601+,67,197,31,426,92,171,14,635,69,200,24,358,58,259=,37
283,454=,stellenbosch university,ZA,South Africa,L,FC,VH,5,A,25,351,39,240,3,701+,60,206,20,591,8,701+,92,69,50,132,44,339=,37
284,284=,taylor's university,MY,Malaysia,S,FO,VH,2,C,24,358,83,67,63,225,9,701+,54,342,99,55,4,701+,11,701+,2,701+,36
=285,250,indian institute of technology madras (iitm),IN,India,M,CO,VH,4,A,40,212,56,147,27,563,55,235,3,701+,1,701+,3,701+,26,317,7,701+,36
=285,296=,swinburne university of technology,AU,Australia,L,CO,VH,3,A,13,601+,12,601+,11,701+,90,76,98,114,66,229,24,507,11,701+,26,487,36
=285,262=,the university of arizona,US,United States,XL,FC,VH,5,A,39,226,18,476,73,175,20,562,11,701+,9,701+,88,96,31,245,72,196=,36
=285,307,tianjin university,CN,China (Mainland),L,CO,VH,4,A,19,477,9,601+,35,461,98,31,24,544,27,446,19,555,24,351,26,488,36
289,270=,university of galway,IE,Ireland,L,FC,HI,5,A,26,335,28,341,61,230,14,666,92,170,39,348,46,338,31,249,91,89=,36
290,296=,united arab emirates university,AE,United Arab Emirates,M,FC,VH,3,A,28,310,38,257,53,299,14,659,100,16,39,356,57,273,61,96,16,588=,36
291,302,xi’an jiaotong university,CN,China (Mainland),XL,FC,VH,4,A,21,406,42,222,17,701+,81,106,4,701+,4,701+,37,403,21,397,35,403=,36
=292,352=,norwegian university of science and technology,NO,Norway,XL,FC,VH,5,A,34,253,19,465,24,609,28,456,76,246,10,701+,89,91,51,129,66,223=,36
=292,303,university college cork,IE,Ireland,L,FC,VH,5,A,28,309,36,270,29,528,22,534,95,152,47,308,25,496,24,360,96,46,36
294,317=,université grenoble alpes,FR,France,XL,FC,VH,1,A,45,188,10,601+,8,701+,49,276,18,611,35,380,93,64,14,596,41,360=,36
=295,281=,hong kong baptist university,HK,Hong Kong SAR,M,CO,VH,3,A,19,458,13,601+,56,265,52,249,98,118,100,20,3,701+,15,557,17,574=,35
=295,342,university of east anglia (uea),UK,United Kingdom,L,FC,VH,4,A,19,466,9,601+,17,701+,66,164,68,287,38,360,65,218,13,678,84,123=,35
297,281=,georgetown university,US,United States,L,FC,VH,5,B,30,288,34,285,59,242,19,574,17,629,40,344,14,606,88,43,67,217=,35
298,308=,dalhousie university,CA,Canada,L,FC,VH,5,A,19,465,18,488,16,701+,42,323,99,97,75,187,37,399,22,385,94,61=,35
299,267=,rutgers university–new brunswick,US,United States,XL,CO,VH,5,A,37,234,25,386,49,324,18,583,19,602,33,395,60,245,21,403,96,47,35
300,284=,ucsi university,MY,Malaysia,M,CO,HI,2,C,23,392,58,140,73,174,3,701+,84,219,98,63,1,701+,16,528,25,495=,35
301,226=,southern university of science and technology,CN,China (Mainland),M,FO,VH,2,A,9,601+,2,601+,95,64,95,53,37,434,2,701+,7,701+,7,701+,7,701+,35
=302,328=,goethe-university frankfurt am main,DE,Germany,XL,FC,VH,5,A,44,189,29,335,21,638,21,539,41,402,26,468,82,134,12,701+,47,327=,35
=302,363=,virginia polytechnic institute and state university,US,United States,XL,FC,VH,5,A,26,337,40,232,19,701+,35,389,72,267,18,577,70,197,21,402,53,292=,35
=304,293=,jagiellonian university,PL,Poland,XL,FC,VH,5,A,37,233,47,188,65,210,6,701+,5,701+,13,655,59,248,28,289,58,259=,34
=304,243=,university of notre dame,US,United States,L,CO,VH,5,B,27,331,32,306,60,238,39,350,23,561,18,578,32,449,45,155,35,403=,34
306,412=,university of johannesburg,ZA,South Africa,L,CO,VH,2,A,16,540,21,434,37,430,21,549,96,135,51,286,97,32,44,165,74,182=,34
307,,daegu gyeongbuk institute of science and technology (dgist),KR,South Korea,S,FO,VH,2,A,10,601+,8,601+,89,90,100,7,5,701+,4,701+,1,701+,5,701+,0,,34
=307,425=,swansea university,UK,United Kingdom,L,FC,HI,5,A,21,418,45,193,24,608,27,460,73,261,54,271,59,254,11,701+,61,248,34
=307,361,universiti teknologi petronas (utp),MY,Malaysia,S,SP,,3,B,18,491,32,313,35,463,66,167,85,207,19,567,24,505,10,701+,3,701+,34
=307,293=,university of tasmania,AU,Australia,M,CO,VH,5,A,17,520,8,601+,18,701+,58,220,75,254,96,84,49,320,15,562,47,323=,34
=310,,hamad bin khalifa university,QA,Qatar,S,FO,VH,3,A,12,601+,4,601+,100,4,89,79,0,,0,,28,469,10,701+,0,,34
=310,233=,universitat pompeu fabra (barcelona),ES,Spain,M,FO,VH,3,A,31,282,23,417,13,701+,56,232,78,238,27,455,38,389,15,551,13,633,34
312,355=,universität stuttgart,DE,Germany,L,CO,VH,5,A,24,361,27,357,6,701+,65,177,37,430,50,296,37,405,19,430,34,411=,34
=313,339,indiana university bloomington,US,United States,XL,FC,VH,5,A,35,246,24,397,31,514,22,533,41,409,13,667,69,205,52,122,63,239=,34
=313,392=,university of oulu,FI,Finland,M,FC,VH,4,A,16,553,17,502,26,564,57,228,53,348,9,701+,75,168,17,511,88,103=,34
=315,363=,quaid-i-azam university,PK,Pakistan,M,CO,VH,4,A,16,552,40,234,3,701+,97,40,3,701+,1,701+,23,519,6,701+,23,514=,33
=315,270=,saint petersburg state university,RU,Russia,L,FC,VH,5,A,41,207,24,403,62,228,5,701+,5,701+,42,335,70,198,53,120,36,391=,33
=315,291,university of turku,FI,Finland,L,FC,VH,5,A,28,311,21,440,52,302,32,417,27,505,4,701+,63,227,28,291,78,163=,33
318,328=,simon fraser university,CA,Canada,L,CO,VH,4,A,26,343,14,600,6,701+,43,315,97,128,86,139,35,423,18,474,54,283=,33
=319,230,bauman moscow state technical university,RU,Russia,L,CO,VH,5,A,31,279,44,202,100,18,1,701+,54,343,59,256,1,701+,12,701+,11,663=,33
=319,259,sciences po,FR,France,L,SP,,5,A,18,502,28,353,88,94,3,701+,55,337,97,73,1,701+,76,55,55,279=,33
=319,320=,universidad carlos iii de madrid (uc3m),ES,Spain,L,FO,VH,3,A,33,265,49,177,53,290,5,701+,57,328,41,337,19,556,13,668,63,239=,33
322,359=,university of victoria (uvic),CA,Canada,L,CO,VH,4,A,17,514,8,601+,4,701+,65,174,95,149,49,304,19,551,12,701+,90,94,33
=323,267=,sun yat-sen university,CN,China (Mainland),XL,FC,VH,4,A,36,238,22,423,49,321,44,304,2,701+,4,701+,33,429,17,508,38,373=,33
=323,317=,university of illinois at chicago (uic),US,United States,XL,FC,VH,5,A,41,206,24,408,32,497,26,469,9,701+,17,586,50,312,32,242,63,235=,33
=326,363=,university of south australia,AU,Australia,L,CO,VH,3,A,23,390,14,580,22,625,33,415,100,80,45,322,59,256,15,544,82,137=,33
=326,347=,university of southern denmark (sdu),DK,Denmark,L,CO,VH,4,A,20,441,18,485,27,558,41,337,83,220,23,503,50,315,18,469,89,100,33
=328,355=,"city, university of london",UK,United Kingdom,L,CO,VH,5,A,21,405,18,483,7,701+,42,321,95,151,99,46,22,527,28,284,42,356,33
=328,288=,gwangju institute of science and technology (gist),KR,South Korea,S,FO,VH,3,A,17,513,9,601+,38,411,100,5,22,577,10,701+,1,701+,8,701+,2,701+,33
=328,300=,université paris 1 panthéon-sorbonne,FR,France,XL,FO,VH,5,A,65,104,25,385,4,701+,3,701+,38,421,46,314,30,458,32,238,16,588=,33
=328,240=,usi - università della svizzera italiana,CH,Switzerland,S,FO,VH,3,A,6,601+,4,601+,83,120,56,229,100,23,100,11,4,701+,8,701+,1,701+,33
=332,270=,kyung hee university,KR,South Korea,L,FC,VH,4,B,28,312,42,224,85,106,14,657,14,684,54,272,17,577,12,701+,34,413=,33
=332,375=,"university of california, santa cruz",US,United States,L,CO,VH,4,A,18,487,5,601+,7,701+,80,111,64,304,9,701+,19,547,11,701+,89,95=,33
334,380=,sharif university of technology,IR,"Iran, Islamic Republic of",M,FO,VH,4,A,10,601+,44,207,6,701+,99,19,7,701+,1,701+,10,675,26,321,2,701+,32
335,416=,university of naples - federico ii,IT,Italy,XL,FC,VH,5,A,35,245,17,508,4,701+,62,197,2,701+,1,701+,82,137,7,701+,35,403=,32
=336,330,aalborg university,DK,Denmark,L,FC,VH,3,A,20,442,22,424,32,500,42,317,76,244,18,570,79,151,15,569,36,393=,32
=336,363=,pontificia universidad católica del perú,PE,Peru,L,FO,VH,5,B,46,177,77,75,26,572,2,701+,4,701+,1,701+,3,701+,35,214,31,428=,32
=336,375=,university of kent,UK,United Kingdom,L,CO,VH,4,A,17,522,7,601+,13,701+,44,306,97,133,73,195,43,354,20,413,85,118=,32
=340,355=,beijing institute of technology,CN,China (Mainland),L,FO,VH,4,A,23,385,18,484,41,381,76,125,3,701+,4,701+,17,572,14,599,24,506=,32
=340,362,george washington university,US,United States,L,FC,VH,5,B,27,323,25,393,28,541,29,439,32,478,28,444,61,239,50,135,63,235=,32
342,295,rudn university,RU,Russia,L,FC,VH,4,A,22,395,45,192,92,74,2,701+,8,701+,93,103,60,242,12,701+,4,701+,32
343,412=,brunel university london,UK,United Kingdom,L,CO,VH,4,A,11,601+,13,601+,8,701+,44,303,100,84,100,39,57,269,19,450,63,235=,32
=345,369=,airlangga university,ID,Indonesia,L,FC,HI,4,A,34,254,73,95,52,301,1,701+,45,379,6,701+,1,701+,14,582,31,444=,32
=345,473=,university of saskatchewan,CA,Canada,L,FC,VH,5,A,12,601+,7,601+,17,701+,54,237,70,279,52,280,47,331,21,396,95,56,32
=347,422=,national technical university of athens,GR,Greece,L,FO,VH,5,A,21,425,43,215,5,701+,72,137,1,701+,4,701+,32,447,32,240,8,701+,31
=347,382=,pontificia universidad javeriana,CO,Colombia,L,FC,HI,5,B,43,198,73,94,23,619,2,701+,4,701+,3,701+,4,701+,57,107,29,456=,31
=349,488=,universidad politécnica de madrid (upm),ES,Spain,XL,SP,,4,A,31,280,49,176,15,701+,11,701+,3,701+,31,416,60,243,37,196,84,128=,31
=349,404,university of pisa,IT,Italy,L,FC,VH,5,A,40,211,13,601+,8,701+,41,333,6,701+,4,701+,68,209,13,642,74,182=,31
=351,388=,lappeenranta-lahti university of technology lut,FI,Finland,S,SP,,4,A,7,601+,13,601+,11,701+,98,36,45,378,18,573,15,599,11,701+,39,367=,31
=351,438=,university of coimbra,PT,Portugal,L,FC,VH,5,A,29,304,13,601+,11,701+,42,329,11,701+,38,364,79,153,16,537,80,154,31
353,456,york university,CA,Canada,XL,CO,VH,4,A,23,377,21,441,5,701+,29,440,51,356,81,157,28,471,53,119,81,144,31
354,343=,universitat politècnica de catalunya · barcelonatech (upc),ES,Spain,L,FO,VH,4,A,32,274,22,426,41,380,22,524,8,701+,21,532,73,183,15,556,73,186,31
=355,277,l.n. gumilyov eurasian national university (enu),KZ,Kazakhstan,L,FO,VH,3,A,30,293,52,157,97,53,1,701+,59,319,6,701+,1,701+,11,701+,10,678=,31
=355,406=,sichuan university,CN,China (Mainland),XL,FC,VH,3,A,20,436,8,601+,11,701+,95,55,7,701+,5,701+,26,490,15,564,19,555=,31
=355,312=,university of tsukuba,JP,Japan,L,FC,VH,4,A,36,242,24,402,59,243,19,569,14,691,21,529,32,450,12,701+,58,259=,31
=358,460,university of florence,IT,Italy,XL,FC,VH,5,A,34,259,6,601+,4,701+,50,266,8,701+,11,701+,73,181,17,476,81,142=,31
=358,296=,university of tartu,EE,Estonia,M,FC,VH,5,A,24,355,9,601+,92,78,12,701+,47,372,22,513,74,177,42,171,28,471=,31
=360,396=,shandong university,CN,China (Mainland),XL,FC,VH,4,A,16,558,32,310,18,701+,79,118,9,701+,3,701+,16,580,17,480,28,463=,31
=362,368,lincoln university,NZ,New Zealand,S,CO,VH,3,A,8,601+,5,601+,40,393,52,253,100,62,91,113,1,701+,32,241,38,379=,31
=362,308=,universität innsbruck,AT,Austria,L,FC,HI,5,A,20,433,7,601+,69,187,11,701+,100,65,100,27,33,434,36,208,17,586=,31
=364,369=,american university of sharjah,AE,United Arab Emirates,S,CO,VH,3,B,20,438,39,243,21,653,20,559,100,2,100,6,6,701+,37,202,3,701+,30
=364,384=,indian institute of technology guwahati (iitg),IN,India,M,CO,VH,3,A,17,523,25,381,8,701+,98,32,3,701+,1,701+,6,701+,6,701+,4,701+,30
=364,475=,university of turin,IT,Italy,XL,FC,VH,5,A,40,213,6,601+,3,701+,37,380,5,701+,5,701+,69,199,33,236,84,123=,30
367,334,national university of sciences and technology (nust) islamabad,PK,Pakistan,M,CO,VH,3,A,19,472,73,93,77,151,12,701+,3,701+,4,701+,24,512,9,701+,31,438=,30
368,473=,university of cyprus (ucy),CY,Cyprus,M,CO,VH,3,A,9,601+,3,601+,5,701+,78,123,93,165,25,471,56,279,19,448,24,497=,30
=369,369=,indian institute of technology roorkee (iitr),IN,India,M,FO,VH,5,A,18,500,23,421,8,701+,91,72,1,701+,2,701+,4,701+,11,701+,28,471=,30
=369,246=,yeshiva university,US,United States,M,FC,VH,5,B,3,601+,3,601+,75,167,100,14,0,,9,701+,4,701+,10,701+,1,701+,30
=371,398=,tilburg university,NL,Netherlands,L,FO,VH,4,A,15,573,33,294,10,701+,44,302,97,131,58,259,9,683,14,602,31,432=,30
=371,333,universidade federal do rio de janeiro,BR,Brazil,XL,FC,VH,5,A,60,119,17,509,15,701+,8,701+,8,701+,2,701+,52,302,37,203,23,514=,30
374,343=,"birkbeck, university of london",UK,United Kingdom,M,FO,VH,5,A,11,601+,4,601+,14,701+,65,172,98,123,98,62,9,692,12,701+,12,642=,30
=375,443=,amirkabir university of technology,IR,"Iran, Islamic Republic of",M,FO,VH,4,A,4,601+,33,295,5,701+,100,13,16,652,3,701+,10,681,10,701+,17,586=,30
=375,388=,northeastern university,US,United States,L,CO,VH,5,B,19,463,10,601+,19,691,24,497,60,316,94,90,33,433,35,211,87,112,30
=375,416=,ruhr-universität bochum,DE,Germany,XL,FC,VH,4,A,21,411,11,601+,2,701+,60,208,61,314,30,425,62,231,15,570,18,567=,30
379,312=,tufts university,US,United States,L,FC,VH,5,B,18,497,5,601+,56,263,43,312,25,532,36,374,19,552,48,143,51,301=,29
380,425=,flinders university,AU,Australia,L,FC,VH,4,A,13,601+,7,601+,7,701+,43,313,97,127,90,119,39,385,11,701+,65,226=,29
381,,university of luxembourg,LU,Luxembourg,M,CO,VH,2,,9,601+,5,601+,77,152,29,447,100,14,100,24,18,557,26,323,0,,29
=382,256=,mahidol university,TH,Thailand,L,FC,VH,4,A,42,200,30,322,78,147,5,701+,6,701+,5,701+,10,666,11,701+,28,471=,29
=384,378=,nankai university,CN,China (Mainland),XL,FC,VH,4,A,21,414,9,601+,30,526,74,132,11,701+,4,701+,8,701+,19,440,23,521=,29
=384,384=,westfälische wilhelms-universität münster,DE,Germany,L,FC,VH,5,A,32,278,25,389,55,271,13,688,30,489,5,701+,59,252,26,314,28,471=,29
386,380=,university of hawaiʻi at mānoa,US,United States,L,FC,VH,5,A,16,543,9,601+,37,429,49,279,53,345,13,664,54,293,11,701+,48,320=,28
=387,490=,aix-marseille university,FR,France,XL,FC,VH,5,A,36,241,5,601+,8,701+,27,468,19,609,20,549,99,13,11,701+,65,228=,28
=387,288=,belarusian state university,BY,Belarus,L,FO,VH,5,A,27,327,43,219,95,61,1,701+,4,701+,50,294,3,701+,25,341,1,701+,28
=387,327,national taiwan university of science and technology (taiwan tech),TW,Taiwan,M,FO,VH,3,A,27,321,38,256,44,360,27,463,18,622,31,410,2,701+,19,451,27,481=,28
=387,256=,universiti brunei darussalam (ubd),BN,Brunei,S,CO,VH,3,A,21,420,6,601+,96,54,8,701+,100,47,65,231,2,701+,27,296,4,701+,28
=392,457=,institut national des sciences appliquées de lyon (insa),FR,France,M,FO,VH,4,A,8,601+,29,331,37,425,51,258,29,492,69,213,19,553,13,674,21,540=,28
=392,406=,south china university of technology,CN,China (Mainland),XL,CO,VH,3,A,13,601+,4,601+,19,694,95,50,10,701+,5,701+,10,674,22,380,10,667=,28
=392,408=,technion - israel institute of technology,IL,Israel,L,FC,VH,5,A,25,345,28,347,44,358,25,479,65,296,5,701+,13,628,31,250,26,485=,28
=392,422=,xiamen university,CN,China (Mainland),XL,FC,VH,4,A,26,340,12,601+,20,664,65,170,5,701+,3,701+,25,494,22,387,17,579=,28
=396,490=,justus-liebig-university giessen,DE,Germany,L,FC,VH,5,A,14,601+,6,601+,2,701+,86,92,12,701+,19,561,64,221,10,701+,11,655,28
=396,322,kazan (volga region) federal university,RU,Russia,L,FC,VH,5,A,23,387,8,601+,94,68,3,701+,11,701+,96,82,62,234,11,701+,24,497=,28
=396,416=,"stony brook university, state university of new york",US,United States,L,FC,VH,4,A,19,473,8,601+,30,517,32,424,45,376,51,285,34,424,19,449,89,97=,28
399,308=,hse university,RU,Russia,XL,FO,VH,3,A,27,318,32,308,91,82,2,701+,6,701+,16,597,71,191,13,639,5,701+,28
=400,481=,iowa state university,US,United States,L,CO,VH,5,A,20,440,14,597,8,701+,59,217,5,701+,11,690,51,307,27,300,52,295=,28
=400,369=,universidade nova de lisboa,PT,Portugal,L,FC,VH,4,A,28,313,20,452,20,679,24,498,24,548,47,309,64,224,19,444,40,362=,28
403,494=,university of granada,ES,Spain,XL,FC,VH,5,A,44,192,10,601+,6,701+,23,509,3,701+,16,598,97,34,5,701+,36,391=,28
=404,453,"university of california, riverside",US,United States,L,FC,VH,4,A,18,505,7,601+,7,701+,60,207,63,307,9,701+,45,346,10,701+,47,327=,28
=404,412=,university of the philippines,PH,Philippines,XL,FC,HI,5,A,34,250,59,136,38,415,2,701+,2,701+,1,701+,9,685,35,213,39,370=,28
=407,486=,auckland university of technology (aut),NZ,New Zealand,L,CO,VH,2,A,19,464,12,601+,10,701+,19,575,100,59,99,48,12,635,19,433,72,196=,27
409,408=,colorado state university,US,United States,L,CO,VH,5,A,19,475,18,482,57,258,20,553,12,701+,4,701+,55,285,15,559,98,29,27
=410,465=,universidad de santiago de chile (usach),CL,Chile,L,FC,HI,5,A,43,197,73,92,9,701+,4,701+,7,701+,2,701+,7,701+,4,701+,13,635,27
=410,369=,university of kansas,US,United States,L,FC,VH,5,A,15,577,13,601+,84,116,9,701+,73,263,8,701+,36,414,24,359,72,194=,27
=413,438=,oxford brookes university,UK,United Kingdom,L,CO,HI,3,A,29,301,30,329,14,701+,8,701+,69,282,70,209,27,481,18,454,34,409=,27
=413,402=,royal holloway university of london,UK,United Kingdom,M,CO,VH,5,A,16,546,6,601+,14,701+,36,384,94,155,89,125,24,511,11,701+,38,377=,27
=415,461=,james cook university,AU,Australia,M,FC,VH,4,A,15,567,9,601+,14,701+,51,255,42,393,14,650,43,359,9,701+,83,131,27
=415,267=,moscow institute of physics and technology (mipt / moscow phystech),RU,Russia,M,FO,VH,4,A,20,446,20,455,96,57,16,620,31,480,53,273,5,701+,16,534,1,701+,27
=415,416=,the american university in cairo,EG,Egypt,M,CO,HI,5,B,30,287,24,405,43,368,5,701+,98,115,4,701+,1,701+,63,92,16,588=,27
418,264=,tomsk state university,RU,Russia,M,CO,VH,5,A,23,376,11,601+,99,32,5,701+,24,555,92,109,23,514,7,701+,3,701+,27
=419,477=,unesp,BR,Brazil,XL,FC,VH,3,A,39,219,35,282,15,701+,16,614,6,701+,3,701+,35,422,6,701+,54,287,27
=419,443=,washington state university,US,United States,L,FC,VH,5,A,24,354,18,489,16,701+,35,386,50,358,6,701+,47,335,11,701+,50,309=,27
=421,284=,graz university of technology,AT,Austria,M,FO,VH,5,A,15,595,11,601+,100,31,14,664,75,255,59,258,10,664,14,629,4,701+,27
=421,260=,novosibirsk state university,RU,Russia,M,CO,VH,4,A,28,317,14,572,94,69,13,685,7,701+,56,264,5,701+,13,667,7,701+,27
=421,434=,université de strasbourg,FR,France,XL,FC,VH,5,A,40,216,8,601+,5,701+,23,512,36,449,39,357,70,194,11,701+,15,614=,27
428,347=,ie university,ES,Spain,M,FO,HI,2,C,7,601+,41,230,56,262,3,701+,95,154,100,4,1,701+,39,183,6,701+,26
=429,,singapore university of technology and design,SG,Singapore,S,SP,,2,,7,601+,6,601+,99,34,65,180,0,,0,,3,701+,8,701+,0,,26
=429,457=,university of trento,IT,Italy,L,CO,VH,4,A,25,352,9,601+,19,685,44,305,27,509,6,701+,61,238,9,701+,35,400=,26
=431,477=,koç university,TR,Turkey,M,FC,HI,3,B,22,393,47,187,24,591,29,448,27,504,11,687,6,701+,11,701+,30,449=,26
=431,436=,national taipei university of technology,TW,Taiwan,M,FO,VH,3,A,15,584,58,144,27,560,34,398,21,582,18,571,1,701+,17,485,13,638,26
=431,332,national taiwan normal university,TW,Taiwan,M,CO,VH,4,A,35,248,21,448,65,209,6,701+,15,674,27,452,2,701+,15,571,43,344,26
=436,471=,dublin city university,IE,Ireland,L,FC,HI,3,A,20,452,27,360,26,575,12,690,76,248,19,557,19,548,25,334,82,137=,26
=436,415,tampere university,FI,Finland,L,FC,VH,1,A,23,391,20,463,24,595,32,422,32,473,6,701+,56,275,21,406,37,387,26
=436,428=,university of science and technology beijing,CN,China (Mainland),L,CO,VH,3,A,13,601+,3,601+,11,701+,97,39,3,701+,3,701+,9,691,6,701+,3,701+,26
440,410=,julius-maximilians-universität würzburg,DE,Germany,L,FC,VH,5,A,17,511,6,601+,5,701+,68,154,36,449,16,591,42,363,10,701+,12,647=,26
=441,354,university of dundee,UK,United Kingdom,L,FC,HI,4,A,18,488,14,595,38,418,14,654,96,142,80,162,27,475,11,701+,22,524=,26
=441,433,université laval,CA,Canada,L,FC,VH,5,A,20,443,11,601+,26,577,25,484,67,290,36,372,55,280,24,343,31,432=,26
=441,392=,university of utah,US,United States,L,FC,VH,5,A,16,548,6,601+,53,295,37,383,25,530,10,701+,54,289,15,560,49,315,26
=444,350=,university of connecticut,US,United States,L,FC,VH,5,A,15,576,7,601+,15,701+,42,327,47,368,19,560,61,237,22,383,62,243=,26
=446,350=,johannes kepler university linz,AT,Austria,M,CO,VH,4,A,13,601+,14,598,83,122,16,617,86,201,27,447,27,487,11,701+,18,560=,26
=446,,toyota technological institute in japan,JP,Japan,S,FO,VH,3,C,5,601+,2,601+,38,419,96,45,8,701+,2,701+,1,701+,8,701+,0,,26
=446,347=,university of jyväskylä,FI,Finland,M,FO,VH,4,A,17,518,13,601+,86,100,15,626,41,404,3,701+,55,287,11,701+,30,447=,26
=452,499=,central south university,CN,China (Mainland),XL,FC,VH,2,A,9,601+,3,601+,6,701+,98,28,7,701+,4,701+,14,616,10,701+,9,689=,26
=454,378=,czech technical university in prague,CZ,Czech Republic,L,SP,,5,A,22,403,38,259,76,161,4,701+,26,526,39,349,15,592,14,618,2,701+,25
=454,396=,indian institute of technology indore (iit indore),IN,India,S,FO,VH,2,A,6,601+,4,601+,33,478,94,57,2,701+,1,701+,1,701+,8,701+,2,701+,25
=454,461=,southeast university,CN,China (Mainland),XL,FC,VH,3,A,13,601+,7,601+,24,593,73,134,15,664,4,701+,21,536,9,701+,17,581=,25
=454,384=,sultan qaboos university,OM,Oman,M,FC,VH,3,A,17,528,14,593,57,259,18,577,100,58,3,701+,48,325,17,478,8,701+,25
459,465=,"essex, university of",UK,United Kingdom,L,CO,VH,4,A,16,535,5,601+,13,701+,26,475,100,82,99,53,40,380,13,638,10,678=,25
=461,308=,national research nuclear university mephi (moscow engineering physics institute),RU,Russia,S,FO,VH,2,A,10,601+,10,601+,99,36,11,701+,54,341,91,115,2,701+,18,466,1,701+,25
=461,352=,universität jena,DE,Germany,L,FC,VH,5,A,19,482,6,601+,100,20,10,701+,0,,22,509,84,125,8,701+,16,592=,25
464,420=,johannes gutenberg universität mainz,DE,Germany,XL,FC,VH,5,A,23,389,13,601+,55,281,15,641,39,418,16,594,70,193,10,701+,19,552=,25
=465,369=,umea university,SE,Sweden,L,FC,VH,4,A,20,449,14,583,68,191,15,637,24,554,10,701+,45,349,13,681,48,318=,25
=469,490=,ben-gurion university of the negev,IL,Israel,L,FC,VH,4,A,15,592,14,577,12,701+,53,245,65,294,16,607,20,544,11,701+,18,564=,25
=469,443=,illinois institute of technology,US,United States,M,CO,VH,5,B,14,601+,16,532,13,701+,49,280,30,490,94,93,2,701+,14,632,3,701+,25
472,338,hiroshima university,JP,Japan,L,FC,VH,4,A,24,366,14,581,81,136,10,701+,17,624,13,663,30,457,10,701+,38,382=,25
=473,443=,beihang university (former buaa),CN,China (Mainland),L,CO,VH,2,A,13,601+,6,601+,36,440,69,150,8,701+,5,701+,7,701+,13,656,15,608=,24
=473,335=,ural federal university - urfu,RU,Russia,XL,CO,VH,5,A,21,410,13,601+,93,70,2,701+,6,701+,26,465,63,225,7,701+,25,490=,24
=473,400=,vilnius university,LT,Lithuania,L,FC,HI,5,A,20,447,28,346,83,119,3,701+,13,701+,15,622,44,351,26,325,12,647=,24
=476,363=,kobe university,JP,Japan,L,FC,VH,4,A,29,308,39,248,53,292,12,701+,7,701+,8,701+,9,701+,12,701+,11,658=,24
=476,400=,universitat politècnica de valència,ES,Spain,L,CO,VH,4,A,26,338,12,601+,47,332,20,561,4,701+,24,489,57,271,8,701+,28,467=,24
479,420=,universität leipzig,DE,Germany,L,FC,VH,5,A,25,344,10,601+,71,181,10,701+,0,,16,602,59,249,10,701+,35,403=,24
=481,405,satbayev university,KZ,Kazakhstan,M,FO,VH,4,A,23,370,36,272,84,111,1,701+,41,407,4,701+,1,701+,11,701+,1,701+,24
=489,449=,ipb university (a.k.a. bogor agricultural university),ID,Indonesia,L,CO,VH,4,A,22,399,39,244,66,203,2,701+,55,339,4,701+,1,701+,24,347,3,701+,24
=489,499=,"university of rome """"tor vergata""""",IT,Italy,L,CO,VH,3,A,32,277,13,601+,8,701+,38,367,7,701+,16,596,33,435,8,701+,15,608=,24
=491,425=,university at buffalo suny,US,United States,L,FC,VH,5,A,18,499,8,601+,8,701+,37,378,43,389,33,390,23,516,25,340,51,305=,24
=491,467=,university of iowa,US,United States,L,FC,VH,5,A,20,444,11,601+,48,325,21,548,22,569,5,701+,51,304,22,374,38,373=,24
=494,392=,chung-ang university (cau),KR,South Korea,L,FC,VH,4,B,20,445,36,271,70,186,9,701+,14,690,36,373,2,701+,13,672,3,701+,23
=494,461=,rensselaer polytechnic institute,US,United States,M,CO,VH,5,B,8,601+,7,601+,20,682,71,144,4,701+,44,326,2,701+,24,350,3,701+,23
=498,346,ewha womans university,KR,South Korea,L,FC,HI,4,B,27,325,23,413,77,150,8,701+,8,701+,20,551,2,701+,15,552,7,701+,23
=502,497=,jilin university,CN,China (Mainland),XL,FC,VH,4,A,14,601+,47,189,39,405,24,506,12,701+,2,701+,18,563,18,458,14,627=,23
=505,428=,national sun yat-sen university,TW,Taiwan,M,CO,VH,3,A,27,330,24,395,30,527,25,483,24,552,10,701+,3,701+,12,701+,21,536=,23
=509,457=,sogang university,KR,South Korea,M,CO,VH,4,B,22,401,49,178,56,269,6,701+,7,701+,24,483,1,701+,17,513,1,701+,23
=511,443=,soas university of london,UK,United Kingdom,M,SP,,5,A,18,494,10,601+,18,701+,15,629,100,51,99,51,1,701+,20,427,4,701+,23
=514,323,pontificia universidad católica argentina,AR,Argentina,L,FC,MD,4,B,20,431,32,303,100,22,1,701+,2,701+,9,701+,1,701+,20,420,1,701+,23
=514,422=,shanghai university,CN,China (Mainland),XL,CO,VH,3,A,22,397,9,601+,53,291,25,476,44,383,6,701+,12,643,11,701+,16,598=,23
=520,432,universidad austral,AR,Argentina,S,FO,VH,3,B,19,460,53,152,75,165,2,701+,2,701+,9,701+,1,701+,9,701+,1,701+,23
525,340=,universiti teknologi brunei,BN,Brunei,S,FO,VH,3,A,14,601+,4,601+,90,86,9,701+,100,46,6,701+,1,701+,34,226,1,701+,22
=526,345,mgimo university,RU,Russia,M,SP,,4,A,12,601+,21,436,100,17,1,701+,13,701+,46,315,1,701+,48,144,1,701+,22
=530,390=,universidad de palermo (up),AR,Argentina,S,FO,MD,3,B,9,601+,18,493,91,83,1,701+,40,411,97,79,1,701+,10,701+,1,701+,22
=534,382=,peter the great st. petersburg polytechnic university,RU,Russia,L,FO,VH,5,A,17,529,9,601+,78,148,3,701+,15,669,88,131,22,528,4,701+,18,564=,22
=538,481=,universiti utara malaysia (uum),MY,Malaysia,L,SP,,3,A,21,423,28,345,40,389,7,701+,19,603,80,164,3,701+,10,701+,11,661=,22
=542,359=,itmo university,RU,Russia,M,FO,VH,5,A,12,601+,12,601+,96,55,7,701+,21,579,39,354,27,476,7,701+,15,612=,22
=542,375=,university ulm,DE,Germany,M,FO,VH,4,A,8,601+,4,601+,78,144,34,404,41,403,21,533,15,603,7,701+,3,701+,22
=551,449=,hasselt university,BE,Belgium,M,FO,VH,4,A,6,601+,3,601+,79,143,18,579,76,247,24,488,27,478,10,701+,16,596=,21
=556,,inti international university,MY,Malaysia,S,FO,HI,2,C,5,601+,15,556,84,112,2,701+,75,252,88,126,1,701+,9,701+,1,701+,21
=556,358,"university of chemistry and technology, prague",CZ,Czech Republic,S,FO,VH,4,A,6,601+,8,601+,99,35,13,680,28,502,72,201,3,701+,10,701+,1,701+,21
=567,481=,bond university,AU,Australia,S,FO,VH,3,B,5,601+,5,601+,44,356,23,518,88,195,94,96,1,701+,12,701+,1,701+,21
=575,410=,hufs - hankuk (korea) university of foreign studies,KR,South Korea,L,CO,HI,3,B,13,601+,24,404,85,104,2,701+,32,471,45,320,1,701+,6,701+,1,701+,21
=577,384=,taipei medical university (tmu),TW,Taiwan,M,SP,,2,B,10,601+,15,536,91,81,18,585,15,667,16,609,1,701+,10,701+,9,688,21
=577,454=,university of tromsø the arctic university of norway,NO,Norway,L,FC,HI,4,A,12,601+,4,601+,71,182,9,701+,70,273,8,701+,43,360,10,701+,22,524=,21
=580,486=,university of klagenfurt,AT,Austria,S,FO,VH,4,A,6,601+,4,601+,60,235,11,701+,95,148,87,137,3,701+,12,701+,2,701+,20
=586,398=,national research tomsk polytechnic university,RU,Russia,M,FO,VH,5,A,10,601+,8,601+,94,66,4,701+,8,701+,77,177,21,535,8,701+,8,701+,20
=595,477=,imam abdulrahman bin faisal university (iau) (formerly university of dammam),SA,Saudi Arabia,L,FC,HI,3,A,8,601+,7,601+,86,101,2,701+,99,105,17,589,12,640,8,701+,19,552=,20
=595,436=,università vita-salute san raffaele,IT,Italy,S,SP,,3,B,3,601+,2,601+,99,40,39,352,8,701+,3,701+,4,701+,8,701+,1,701+,20
=600,471=,tulane university,US,United States,L,FC,HI,5,B,10,601+,5,601+,82,134,10,701+,17,631,15,630,46,339,23,367,21,531=,20
=600,441=,universität des saarlandes,DE,Germany,L,FC,VH,4,A,11,601+,5,601+,90,87,8,701+,5,701+,39,350,39,384,20,416,2,701+,20
1401+,1401+,ataturk university,TR,Turkey,XL,CO,HI,4,A,5,601+,2,601+,3,701+,4,701+,3,701+,4,701+,2,701+,9,701+,4,701+,-
1401+,1401+,california state university long beach,US,United States,XL,CO,VH,4,A,4,601+,3,601+,8,701+,0,,0,,0,,0,,10,701+,0,,-
1401+,1401+,cukurova university,TR,Turkey,XL,FC,HI,4,A,4,601+,3,601+,5,701+,3,701+,2,701+,5,701+,4,701+,7,701+,14,625=,-
1401+,,georgian technical university,GE,Georgia,,FO,,5,A,6,601+,4,601+,0,,0,,0,,0,,1,701+,0,,0,,-
1401+,,guru gobind singh indraprastha university,IN,India,,CO,,3,A,3,601+,3,601+,0,,0,,0,,0,,1,701+,0,,0,,-
1401+,,indian statistical institute,IN,India,,FO,,4,,8,601+,3,601+,0,,0,,0,,0,,2,701+,0,,0,,-
1401+,,"international university of business, agriculture and technology (iubat)",BD,Bangladesh,,CO,,3,,6,601+,4,601+,0,,0,,0,,0,,1,701+,0,,0,,-
1401+,,khulna university,BD,Bangladesh,,SP,,3,,6,601+,5,601+,0,,0,,0,,0,,1,701+,0,,0,,-
1401+,,kwame nkrumah university of science and technology,GH,Ghana,,CO,,,,6,601+,8,601+,0,,0,,0,,0,,11,656,0,,0,,-
1401+,,nara institute of science and technology,JP,Japan,,FO,,3,,6,601+,2,601+,0,,0,,0,,0,,2,701+,0,,0,,-
1401+,1401+,pontificia universidade católica do minas gerais - puc minas,BR,Brazil,XL,FO,HI,4,C,5,601+,4,601+,2,701+,2,701+,0,,0,,1,701+,6,701+,1,701+,-
1401+,,rajshahi university,BD,Bangladesh,,CO,,4,,9,601+,10,601+,0,,0,,0,,0,,1,701+,0,,0,,-
1401+,1401+,sakarya university,TR,Turkey,XL,FC,MD,3,A,4,601+,3,601+,3,701+,3,701+,2,701+,13,669,1,701+,8,701+,1,701+,-
1401+,,shahjalal university of science and technology,BD,Bangladesh,,FO,,3,,7,601+,9,601+,0,,0,,0,,0,,1,701+,0,,0,,-
1401+,,stamford university bangladesh,BD,Bangladesh,,FO,,2,,10,601+,3,601+,0,,0,,0,,0,,1,701+,0,,0,,-
1401+,,state university of malang,ID,Indonesia,L,FO,VH,4,A,5,601+,2,601+,8,701+,2,701+,10,701+,1,701+,1,701+,8,701+,1,701+,-
1401+,1401+,sudan university of science and technology,SD,Sudan,XL,CO,MD,3,A,4,601+,3,601+,3,701+,1,701+,2,701+,2,701+,1,701+,9,701+,1,701+,-
1401+,,technical university of crete,GR,Greece,,SP,,,,6,601+,5,601+,0,,0,,0,,0,,3,701+,0,,0,,-
1401+,,technische universität bergakademie freiberg,DE,Germany,,SP,,,,6,601+,5,601+,0,,0,,0,,0,,5,701+,0,,0,,-
1401+,,technische universität hamburg-harburg,DE,Germany,,SP,,,,9,601+,6,601+,0,,0,,0,,0,,3,701+,0,,0,,-
1401+,,technische universität kaiserslautern,DE,Germany,,CO,,,,7,601+,3,601+,0,,0,,0,,0,,11,655,0,,0,,-
1401+,,udayana university,ID,Indonesia,L,FC,MD,4,A,6,601+,4,601+,7,701+,1,701+,4,701+,10,701+,1,701+,5,701+,1,701+,-
1401+,1401+,"universidad católica boliviana """"san pablo""""",BO,Bolivia,L,FO,MD,4,B,5,601+,3,601+,4,701+,1,701+,3,701+,3,701+,1,701+,16,521,0,,-
1401+,1401+,universidad católica de santiago de guayaquil,EC,Ecuador,L,FO,MD,4,B,4,601+,4,601+,3,701+,1,701+,7,701+,1,701+,1,701+,14,585,1,701+,-
1401+,1401+,universidad de tarapaca,CL,Chile,M,FO,VH,3,A,4,601+,2,601+,2,701+,8,701+,0,,0,,3,701+,4,701+,1,701+,-
1401+,1401+,universidad mayor de san simón cochabamba,BO,Bolivia,XL,CO,LO,5,A,5,601+,3,601+,1,701+,1,701+,0,,1,701+,1,701+,17,491,1,701+,-
1401+,1401+,universidad michoacana de san nicolás de hidalgo,MX,Mexico,XL,FC,MD,5,A,4,601+,2,601+,3,701+,2,701+,0,,0,,1,701+,4,701+,1,701+,-
1401+,1401+,universidad nacional autónoma de honduras (unah),HN,Honduras,XL,FC,LO,5,A,4,601+,5,601+,3,701+,1,701+,2,701+,0,,1,701+,22,369,1,701+,-
1401+,,universidad politecnica salesiana,EC,Ecuador,L,CO,MD,3,B,6,601+,3,601+,4,701+,2,701+,7,701+,2,701+,1,701+,6,701+,1,701+,-
1401+,1401+,universidad tecnológica de bolívar,CO,Colombia,M,FO,HI,4,B,3,601+,5,601+,3,701+,3,701+,8,701+,7,701+,1,701+,9,701+,1,701+,-
1401+,,universitas kristen petra,ID,Indonesia,M,FO,HI,4,C,6,601+,4,601+,7,701+,2,701+,3,701+,1,701+,1,701+,8,701+,0,,-
1401+,,université sorbonne paris nord,FR,France,,CO,,,,10,601+,5,601+,0,,0,,0,,0,,14,611,0,,0,,-
1401+,1401+,university of craiova,RO,Romania,L,CO,HI,4,A,4,601+,2,601+,3,701+,2,701+,0,,0,,1,701+,8,701+,1,701+,-
1401+,,university of ibadan,NG,Nigeria,,CO,,4,,9,601+,7,601+,0,,0,,0,,0,,8,701+,0,,0,,-
1401+,,university of lagos,NG,Nigeria,,CO,,,,7,601+,6,601+,0,,0,,0,,0,,2,701+,0,,0,,-
1401+,,university of lampung,ID,Indonesia,L,FC,MD,4,,3,601+,2,601+,5,701+,1,701+,1,701+,1,701+,1,701+,6,701+,0,,-
1401+,,university of mataram,ID,Indonesia,L,FO,MD,4,A,5,601+,2,601+,4,701+,1,701+,1,701+,1,701+,1,701+,5,701+,0,,-
1401+,1401+,university of oradea,RO,Romania,L,FC,MD,4,A,5,601+,2,601+,4,701+,2,701+,2,701+,7,701+,2,701+,6,701+,2,701+,-
1401+,,university of stavanger,NO,Norway,,CO,,2,,7,601+,6,601+,0,,0,,0,,0,,26,489,0,,0,,-
1401+,,zürcher hochschule winterthur,CH,Switzerland,,CO,,,,6,601+,7,601+,0,,0,,0,,0,,2,701+,0,,0,,-
